address,lat,lon
"Alexander Valley, Sonoma, California, US",38.6129647,-122.7694345
"Rockpile, Sonoma, California, US",38.6086657,-122.8698321
"Napa Valley, Napa, California, US",38.2975381,-122.286865
"Spring Mountain District, Napa, California, US",38.5244649,-122.5512918
"Santa Ynez Valley, Central Coast, California, US",34.5841542,-120.0973685
"Monterey, Central Coast, California, US",36.6002378,-121.8946761
"Paso Robles, Central Coast, California, US",35.6368759,-120.6545022
"Santa Cruz Mountains, Central Coast, California, US",37.1108921,-121.8448906
"Edna Valley, Central Coast, California, US",35.2064632,-120.6143595
"Santa Maria Valley, Central Coast, California, US",34.96636590000001,-120.6415616
"Dundee Hills, Willamette Valley, Oregon, US",45.2783088,-123.0178146
"Arroyo Grande Valley, Central Coast, California, US",35.1443363,-120.543623
"Russian River Valley, Sonoma, California, US",38.4836416,-122.8175328
"Carneros, Napa-Sonoma, California, US",38.25552,-122.3513889
"Anderson Valley, , California, US",39.0865657,-123.4794542
"Ribbon Ridge, Willamette Valley, Oregon, US",45.3542829,-123.0739933
"Willamette Valley, Willamette Valley, Oregon, US",44.83792062297171,-122.9361871335427
"Rutherford, Napa, California, US",38.45910120000001,-122.4225638
"Monterey County, Central Coast, California, US",36.6002236,-121.8947489
"Chiles Valley, Napa, California, US",38.5329633,-122.3271994
"Calaveras County, Sierra Foothills, California, US",38.2310851,-120.6199895
"Horse Heaven Hills, Columbia Valley, Washington, US",46.13318779999999,-119.8678139
"Oregon, Oregon Other, Oregon, US",43.8041334,-120.5542012
"Walla Walla Valley (WA), Columbia Valley, Washington, US",46.0645809,-118.3430209
"Templeton Gap District, Central Coast, California, US",35.5496939,-120.7060049
"Sonoma Coast, Sonoma, California, US",38.325016,-123.0394451
"Ballard Canyon, Central Coast, California, US",34.6044308,-120.1593156
"Green Valley, Sonoma, California, US",38.2923312,-122.4591929
"Sonoma Valley, Sonoma, California, US",38.291859,-122.4580356
"Sierra Foothills, Sierra Foothills, California, US",34.1079102,-117.4348696
"Sta. Rita Hills, Central Coast, California, US",34.6349844,-120.3154341
"Central Coast, Central Coast, California, US",36.778261,-119.4179324
"Howell Mountain, Napa, California, US",38.58139,-122.45
"Willamette Valley, , Oregon, US",44.942554,-122.9337615
"Dry Creek Valley, Sonoma, California, US",38.6112052,-122.8734544
"California, California Other, California, US",36.778261,-119.4179324
"Arroyo Seco, Central Coast, California, US",36.4135756,-121.3424305
"Mokelumne River, Central Valley, California, US",40.6804279,-122.3708419
"Red Mountain, Columbia Valley, Washington, US",47.7510741,-120.7401386
"Santa Barbara County, Central Coast, California, US",34.6099379,-120.0665236
"Livermore Valley, Central Coast, California, US",37.6818688,-121.7684732
"Sonoma County, Sonoma, California, US",38.291859,-122.4580356
"Columbia Valley (WA), Columbia Valley, Washington, US",48.9220655,-122.1390398
"Amador County, Sierra Foothills, California, US",38.4092417,-120.6660044
"Walla Walla Valley (OR), Oregon Other, Oregon, US",43.8041334,-120.5542012
"Diamond Mountain District, Napa, California, US",38.5551589,-122.574558
"Chehalem Mountains, Willamette Valley, Oregon, US",45.3762277,-123.037326
"Eola-Amity Hills, Willamette Valley, Oregon, US",45.1312282,-123.1637138
"Yountville, Napa, California, US",38.40157809999999,-122.3608105
"Bennett Valley, Sonoma, California, US",38.4404672,-122.6766527
"Paso Robles Willow Creek District, Central Coast, California, US",35.6368759,-120.6545022
"Suisun Valley, North Coast, California, US",38.01925230000001,-122.8631254
"Coombsville, Napa, California, US",38.2971707,-122.2864459
"Happy Canyon of Santa Barbara, Central Coast, California, US",34.4206415,-119.6994278
"St. Helena, Napa, California, US",38.5052429,-122.4703868
"Santa Lucia Highlands, Central Coast, California, US",36.4307709,-121.4203754
"Oakville, Napa, California, US",38.4366996,-122.402785
"San Luis Obispo County, Central Coast, California, US",35.3102296,-120.4357631
"Washington, Washington Other, Washington, US",47.7510741,-120.7401386
"Columbia Gorge (WA), Washington Other, Washington, US",47.0790224,-119.8558822
", Idaho, US",44.0682019,-114.7420408
"Wahluke Slope, Columbia Valley, Washington, US",46.7498928,-119.8342096
"Yakima Valley, Columbia Valley, Washington, US",46.3289058,-120.0086385
"Sonoma-Napa, Napa-Sonoma, California, US",38.291859,-122.4580356
"Sonoma Mountain, Sonoma, California, US",38.3229698,-122.5749837
"Calistoga, Napa, California, US",38.5787965,-122.5797054
"Fiddletown, Sierra Foothills, California, US",38.5039105,-120.7565689
"Red Hills Lake County, , California, US",38.9172961,-122.7510327
"North Coast, North Coast, California, US",38.01925230000001,-122.8631254
"Mendocino Ridge, , California, US",39.3076744,-123.7994591
"Lodi, Central Valley, California, US",38.1341477,-121.2722194
"Yorkville Highlands, North Coast, California, US",38.8979586,-123.2144507
"Chalk Hill, Sonoma, California, US",38.6037982,-122.7772125
"Chalone, Central Coast, California, US",36.778261,-119.4179324
"Columbia Gorge (OR), Oregon Other, Oregon, US",45.7087498,-121.7524723
"El Dorado, Sierra Foothills, California, US",38.8537113,-120.858216
"Santa Clara Valley, Central Coast, California, US",37.2488478,-121.8399593
"Temecula Valley, South Coast, California, US",33.4739175,-117.1405868
"Fort Ross-Seaview, Sonoma, California, US",38.5142596,-123.2435574
"Mt. Harlan, Central Coast, California, US",36.6974604,-121.405214
"Monticello, , Virginia, US",37.9156638,-78.3264032
"Applegate Valley, Southern Oregon, Oregon, US",42.3244456,-123.2866352
"Lake County, , California, US",39.08396440000001,-122.8084496
"Rattlesnake Hills, Columbia Valley, Washington, US",46.518972,-120.3099434
"Stags Leap District, Napa, California, US",38.5024689,-122.2653887
"North Fork of Long Island, Long Island, New York, US",40.9445753,-72.626999
"McMinnville, Willamette Valley, Oregon, US",45.2107513,-123.1944874
"Oak Knoll District, Napa, California, US",38.35833,-122.33389
"San Antonio Valley, Central Coast, California, US",37.3917578,-121.4903848
"Mendocino County, , California, US",39.5500194,-123.438353
"Pine Mountain-Cloverdale Peak, Sonoma, California, US",38.80646429999999,-123.0183508
"Columbia Valley (OR), Oregon Other, Oregon, US",43.8041334,-120.5542012
"San Bernabe, Central Coast, California, US",36.778261,-119.4179324
"Adelaida District, Central Coast, California, US",34.0686748,-118.3228165
"Ben Lomond Mountain, Central Coast, California, US",34.1106295,-118.2825154
"Mount Veeder, Napa, California, US",38.2975381,-122.286865
"Seneca Lake, Finger Lakes, New York, US",42.6918497,-76.92019200000001
"Finger Lakes, Finger Lakes, New York, US",42.7238165,-76.9297247
"Knights Valley, Sonoma, California, US",38.6351857,-122.6941543
"Santa Barbara-Monterey, North Coast, California, US",36.6002378,-121.8946761
"Napa-Sonoma, Napa-Sonoma, California, US",38.291859,-122.4580356
"Carmel Valley, Central Coast, California, US",36.4799024,-121.7327931
"Temecula, South Coast, California, US",33.5339149,-117.0538313
"Marin County, North Coast, California, US",38.083403,-122.7633036
"Napa County, Napa, California, US",38.2975381,-122.286865
"Contra Costa County, Central Coast, California, US",37.8534093,-121.9017954
"Central Coast, , California, US",38.39277999999999,-121.57194
"Shenandoah Valley (CA), Sierra Foothills, California, US",38.5348836,-120.792458
"Mendocino, , California, US",39.3076744,-123.7994591
"Umpqua Valley, Southern Oregon, Oregon, US",43.51387385235288,-123.8040624945442
"Southern Oregon, Southern Oregon, Oregon, US",42.7976791,-122.4332992
"Atlas Peak, Napa, California, US",38.450743,-122.2627529
"North Coast, , California, US",38.01925230000001,-122.8631254
"Napa-Sonoma-Marin, North Coast, California, US",38.4274315,-122.3943299
"South Coast, South Coast, California, US",33.7055851,-117.8794141
"Cucamonga Valley, South Coast, California, US",34.0192133,-117.6279752
"Rogue Valley, Southern Oregon, Oregon, US",42.4401246,-122.9261546
"Northern Sonoma, Sonoma, California, US",38.291859,-122.4580356
"Clear Lake, , California, US",39.05819049999999,-122.831015
"Napa County-Sonoma County, Napa-Sonoma, California, US",38.291859,-122.4580356
"El Pomar District, Central Coast, California, US",34.0686748,-118.3228165
"Santa Margarita Ranch, Central Coast, California, US",33.640171,-117.602832
"South Coast, , California, US",33.7055851,-117.8794141
"Malibu Coast, South Coast, California, US",34.0319521,-118.6884187
"Moon Mountain District Sonoma County, Sonoma, California, US",38.3404906,-122.4748421
"San Benito County, Central Coast, California, US",36.5760883,-120.9876321
"McDowell Valley, , California, US",38.97656480000001,-123.0619456
"Lake Chelan, Columbia Valley, Washington, US",48.0269741,-120.3377317
"Kelsey Bench-Lake County, , California, US",39.08396440000001,-122.8084496
"Sonoma County-Lake County, North Coast, California, US",38.5779555,-122.9888319
"High Valley, , California, US",35.2499741,-120.4040491
"Long Island, Long Island, New York, US",40.789142,-73.13496099999999
"Clarksburg, Central Valley, California, US",40.6804279,-122.3708419
"Monterey-Santa Cruz, Central Coast, California, US",36.9741171,-122.0307963
"Los Carneros, Napa-Sonoma, California, US",38.2490477,-122.3268114
"Snipes Mountain, Columbia Valley, Washington, US",46.31151939999999,-120.0894904
"Placer County, Sierra Foothills, California, US",39.0915751,-120.8039474
"Columbia Valley-Walla Walla Valley, Columbia Valley, Washington, US",46.0645809,-118.3430209
"Napa-Mendocino-Sonoma-Marin, North Coast, California, US",39.3076744,-123.7994591
"Potter Valley, , California, US",39.321952,-123.1130476
"Leelanau Peninsula, , Michigan, US",45.2083328,-85.5417523
"Clements Hills, Central Valley, California, US",40.6804279,-122.3708419
"Grand Valley, , Colorado, US",39.3124789,-108.8839938
"Cienega Valley, Central Coast, California, US",36.778261,-119.4179324
"Dunnigan Hills, Central Valley, California, US",40.6804279,-122.3708419
"Elkton Oregon, Southern Oregon, Oregon, US",43.6376174,-123.5681519
"Ancient Lakes, Columbia Valley, Washington, US",47.1507025,-119.9454183
"Columbia Valley, , Washington, US",48.9220655,-122.1390398
"Malibu-Newton Canyon, South Coast, California, US",34.0771073,-118.8165469
"Guenoc Valley, , California, US",37.9509817,-121.753789
"Yamhill County, Willamette Valley, Oregon, US",45.1771983,-123.2395303
"Fair Play, Sierra Foothills, California, US",36.778261,-119.4179324
"Redwood Valley, , California, US",39.2652491,-123.2041429
"San Luis Obispo, Central Coast, California, US",35.2827524,-120.6596156
"San Francisco Bay, Central Coast, California, US",37.6909682,-122.3107517
"Oregon Other, , Oregon, US",43.8041334,-120.5542012
"San Francisco Bay-Livermore Valley, Central Coast, California, US",37.680208,-121.7918985
"Sonoma County-Napa County, Napa-Sonoma, California, US",38.291859,-122.4580356
"Santa Barbara, Central Coast, California, US",34.4208305,-119.6981901
"Napa, , California, US",38.2975381,-122.286865
"Pennsylvania, , Pennsylvania, US",41.2033216,-77.1945247
", America, US",37.09024,-95.712891
"Hudson River Region, New York Other, New York, US",40.7127753,-74.0059728
"Sonoma County-San Joaquin County, California Other, California, US",37.9175935,-121.1710389
"Napa Valley-Paso Robles, California Other, California, US",35.6368759,-120.6545022
", California, US",36.778261,-119.4179324
"Mount Harlan, Central Coast, California, US",36.6974604,-121.405214
"Solano County, North Coast, California, US",38.3104969,-121.9017954
"Carneros-Napa Valley, Napa, California, US",38.2557099,-122.3351096
"Humboldt County, North Coast, California, US",40.7450055,-123.8695086
"Saddle Rock-Malibu, South Coast, California, US",34.0989124,-118.821041
"Napa-Amador, California Other, California, US",38.2975381,-122.286865
"Paicines, Central Coast, California, US",36.7289127,-121.2788708
"Napa-Sonoma, North Coast, California, US",38.292811,-122.4668525
"Madera, Central Valley, California, US",36.9613356,-120.0607176
"York Mountain, Central Coast, California, US",35.546083,-120.8332336
"Yolo County, Central Valley, California, US",38.3065358,-122.2841197
"El Dorado County, Sierra Foothills, California, US",38.8537113,-120.858216
"Virginia, , Virginia, US",36.6717532,-83.3674054
"San Diego County, South Coast, California, US",33.0933809,-116.6081653
"Sonoma-Napa-Lake, North Coast, California, US",38.291859,-122.4580356
"California Other, , California, US",36.778261,-119.4179324
"Alsace, , Alsace, France",48.3181795,7.441624099999999
"Saint-Émilion, , Bordeaux, France",44.8611003,-0.5643056
"Cahors, , Southwest France, France",44.4475229,1.441989
"Madiran, , Southwest France, France",43.549639,-0.057621
"Côtes du Rhône, , Rhône Valley, France",45.370552,6.320491
"Vacqueyras, , Rhône Valley, France",44.13846299999999,4.982689
"Arbois, , France Other, France",46.902851,5.772342
"Chassagne-Montrachet, , Burgundy, France",46.937992,4.729560999999999
"Graves, , Bordeaux, France",44.8203772,-0.5996328
"Champagne, , Champagne, France",46.227638,2.213749
"Meursault, , Burgundy, France",46.97822499999999,4.768746
"Chambolle-Musigny, , Burgundy, France",47.185496,4.952888
"Pomerol, , Bordeaux, France",44.8206164,-0.6004558
"Coteaux d'Aix-en-Provence, , Provence, France",43.6648514,5.4354689
"Côtes de Provence Sainte-Victoire, , Provence, France",43.5319728,5.6127511
"Bordeaux Supérieur, , Bordeaux, France",44.837789,-0.57918
"Costières de Nîmes, , Rhône Valley, France",44.952398019338,6.484082302400288
"Bordeaux, , Bordeaux, France",44.837789,-0.57918
", Rhône Valley, France",44.952398019338,6.484082302400288
"Côtes de Provence, , Provence, France",43.9351691,6.0679194
"Médoc, , Bordeaux, France",44.8541226,-0.5929799
"Haut-Médoc, , Bordeaux, France",44.837789,-0.57918
"Fronsac, , Bordeaux, France",44.8203158,-0.6001868
"Margaux, , Bordeaux, France",44.8606341,-0.5651329
"Juliénas, , Beaujolais, France",46.235505,4.709970999999999
"Saint-Estèphe, , Bordeaux, France",44.8196248,-0.6007204
"Minervois, , Languedoc-Roussillon, France",43.3270136,2.528199400000001
"Sancerre, , Loire Valley, France",47.329583,2.839867
"Saumur-Champigny, , Loire Valley, France",47.214443,-0.023117
"Gers, , Southwest France, France",43.6366479,0.4502368
"Crémant de Jura, , France Other, France",46.76247499999999,5.6729159
"Muscadet Sèvre et Maine, , Loire Valley, France",47.5532402,1.0105289
"Menetou-Salon, , Loire Valley, France",47.2320769,2.488352
"Fronton, , Southwest France, France",43.840098,1.389654
"Bergerac, , Southwest France, France",44.853806,0.483392
"Coteaux Varois en Provence, , Provence, France",43.3937706,6.0407342
"Bandol, , Provence, France",43.136418,5.754186
"Nuits-St.-Georges, , Burgundy, France",47.1366636,4.9488687
"Beaune, , Burgundy, France",47.02603000000001,4.840004
"Chénas, , Beaujolais, France",46.212457,4.719626
"Jurançon, , Southwest France, France",43.2876362,-0.3907677
"Saint-Julien, , Bordeaux, France",44.86039,-0.565793
"Châteauneuf-du-Pape, , Rhône Valley, France",44.056556,4.831281000000001
"Hermitage, , Rhône Valley, France",45.0725937,4.847700700000001
"Pauillac, , Bordeaux, France",44.8388576,-0.6019706
"Blaye Côtes de Bordeaux, , Bordeaux, France",45.126841,-0.662941
"Lalande de Pomerol, , Bordeaux, France",44.955821,-0.210858
"Coteaux du Languedoc, , Languedoc-Roussillon, France",43.5912356,3.2583626
"Tavel, , Rhône Valley, France",44.01293,4.698161
"Gevrey-Chambertin, , Burgundy, France",47.225962,4.968738999999999
"Vin de France, , France Other, France",46.227638,2.213749
"Maury Sec, , Languedoc-Roussillon, France",42.811253,2.593028
"Côtes du Roussillon Villages Caramany, , Languedoc-Roussillon, France",42.73508,2.570433
"Anjou Villages Brissac, , Loire Valley, France",47.356497,-0.448862
"Bonnezeaux, , Loire Valley, France",47.276972,-0.485391
"Castillon Côtes de Bordeaux, , Bordeaux, France",44.8552182,-0.5893155999999999
"Crémant d'Alsace, , Alsace, France",48.3181795,7.441624099999999
"Rivesaltes, , Languedoc-Roussillon, France",42.768583,2.871763000000001
"Charmes-Chambertin, , Burgundy, France",47.225962,4.968738999999999
"Puligny-Montrachet, , Burgundy, France",46.945092,4.753296
"Morgon, , Beaujolais, France",46.143967,4.6782106
"Fleurie, , Beaujolais, France",46.192646,4.6974557
"Condrieu, , Rhône Valley, France",45.4617223,4.7680113
"Saint-Amour, , Beaujolais, France",46.245875,4.743208000000001
"Chablis, , Burgundy, France",47.815269,3.800450999999999
"Crémant de Bourgogne, , Burgundy, France",47.0525047,4.3837215
"Cornas, , Rhône Valley, France",44.963733,4.847392
"Ventoux, , Rhône Valley, France",44.1740851,5.2786797
"Vouvray, , Loire Valley, France",47.412068,0.799248
"Roussette de Savoie, , France Other, France",45.5046409,5.9938459
"Pouilly-Fumé, , Loire Valley, France",47.5532402,1.0105289
"Listrac-Médoc, , Bordeaux, France",45.073918,-0.793207
"Pouilly-Fuissé, , Burgundy, France",46.2892925,4.7406608
"Saint-Véran, , Burgundy, France",46.254668,4.7350844
"Pernand-Vergelesses, , Burgundy, France",47.084575,4.851313
"Quarts de Chaume, , Loire Valley, France",47.5532402,1.0105289
"Moulis-en-Médoc, , Bordeaux, France",45.06023700000001,-0.7675419
"Anjou, , Loire Valley, France",47.5532402,1.0105289
"Sauternes, , Bordeaux, France",44.8181106,-0.569719
"Coteaux du Giennois, , Loire Valley, France",47.5532402,1.0105289
"Les Baux de Provence, , Provence, France",43.743887,4.795495000000001
"Moulin-à-Vent, , Beaujolais, France",46.227638,2.213749
"Vosne-Romanée, , Burgundy, France",47.159051,4.954572
"Bordeaux Rosé, , Bordeaux, France",44.8382628,-0.5875456
"Bordeaux Blanc, , Bordeaux, France",44.837789,-0.57918
"Pessac-Léognan, , Bordeaux, France",44.8356039,-0.6903528999999999
"Muscadet Côtes de Grandlieu, , Loire Valley, France",47.5532402,1.0105289
"Saumur, , Loire Valley, France",47.260135,-0.08089299999999999
"Corton-Charlemagne, , Burgundy, France",47.0772222,4.8497222
"Pommard, , Burgundy, France",47.0089127,4.7953104
"Vin de Pays du Comté Tolosan, , Southwest France, France",46.227638,2.213749
"Cadillac Côtes de Bordeaux, , Bordeaux, France",44.8552182,-0.5893155999999999
"Bordeaux Côtes de Francs , , Bordeaux, France",44.837789,-0.57918
"Var, , Provence, France",43.46764599999999,6.2375947
", Loire Valley, France",47.5532402,1.0105289
"Corse, , France Other, France",42.0396042,9.012892599999999
"La Clape, , Languedoc-Roussillon, France",43.158333,3.1
"Crémant de Loire, , Loire Valley, France",47.5532402,1.0105289
"Gigondas, , Rhône Valley, France",44.163231,5.0041804
"Bourgueil, , Loire Valley, France",47.282487,0.168611
"Saint-Croix-du-Mont, , Bordeaux, France",44.5942859,-0.284518
"Saint-Chinian, , Languedoc-Roussillon, France",43.418646,2.945129
"Crozes-Hermitage, , Rhône Valley, France",45.09032,4.846723
"Saint-Aubin, , Burgundy, France",46.950588,4.707633
"Savigny-lès-Beaune, , Burgundy, France",47.0644992,4.817557799999999
"Volnay, , Burgundy, France",47.00151,4.781618
"Marsannay, , Burgundy, France",47.270302,4.988667
"Côtes du Roussillon Villages Tautavel, , Languedoc-Roussillon, France",42.7595153,2.7543367
"Côtes du Roussillon Villages, , Languedoc-Roussillon, France",42.7595153,2.7543367
"Vin de Liqueur, , France Other, France",46.227638,2.213749
"Vin de Savoie, , France Other, France",45.4932045,6.472399999999999
"Corton, , Burgundy, France",47.0717829,4.8663697
"Beaujolais-Villages, , Beaujolais, France",46.1134349,4.7263863
"Saint-Joseph, , Rhône Valley, France",45.557578,4.620758
"Côtes de Provence La Londe, , Provence, France",43.138622,6.235208
"Coteaux du Layon Chaume, , Loire Valley, France",47.5532402,1.0105289
"Côtes de Bergerac, , Southwest France, France",44.790031,-0.118248
"Gaillac, , Southwest France, France",43.9018159,1.896506
"Clos de la Roche, , Burgundy, France",47.2040875,4.9627656
"Vougeot, , Burgundy, France",47.176617,4.962975
"Montagne-Saint-Émilion, , Bordeaux, France",44.837789,-0.57918
"Jurançon Sec, , Southwest France, France",43.2876362,-0.3907677
"Maury, , Languedoc-Roussillon, France",42.811253,2.593028
"Muscat de Rivesaltes, , Languedoc-Roussillon, France",42.768583,2.871763000000001
"Côtes du Tarn, , Southwest France, France",43.9264401,1.9881527
"Coteaux Varois, , Provence, France",43.3937706,6.0407342
"Chignin-Bergeron, , France Other, France",45.523454,6.011586899999999
"Côtes du Roussillon Les Aspres, , Languedoc-Roussillon, France",43.755128,3.964455
"Côtes du Roussillon, , Languedoc-Roussillon, France",43.5912356,3.2583626
"Bergerac Sec, , Southwest France, France",44.853806,0.483392
"Côtes de Gascogne, , Southwest France, France",46.227638,2.213749
"Irrouléguy, , Southwest France, France",45.5126545,4.4904519
"Chinon, , Loire Valley, France",47.167296,0.240385
"Reuilly, , Loire Valley, France",47.5532402,1.0105289
"Côte de Beaune, , Burgundy, France",46.9979057,4.7747405
"Mercurey, , Burgundy, France",46.8338258,4.721559
"Touraine, , Loire Valley, France",47.3020954,0.6921741
"Lussac Saint-Émilion, , Bordeaux, France",44.837789,-0.57918
"Côtes de Bourg, , Bordeaux, France",44.837789,-0.57918
"Luberon, , Rhône Valley, France",43.796111,5.223889
"Côtes-du-Ventoux, , Rhône Valley, France",44.1129719,5.1584023
"Saint-Mont, , Southwest France, France",43.650444,-0.147616
"Saint-Nicolas-de-Bourgueil, , Loire Valley, France",47.284852,0.12535
"Santenay, , Burgundy, France",46.912833,4.696534
"Rasteau, , Rhône Valley, France",44.231277,4.986897
"Echézeaux, , Burgundy, France",47.16536199999999,4.979823
"Minervois La Liviniere, , Languedoc-Roussillon, France",43.315257,2.637515
"Corton Grèves, , Burgundy, France",47.0717829,4.8663697
"Vin de Pays des Cévennes, , Rhône Valley, France",44.4317226,3.7027594
"Coteaux de Verdon, , Provence, France",44.00469155659241,6.196897054369092
"Cadillac, , Bordeaux, France",44.63702199999999,-0.320481
"Corbières, , Languedoc-Roussillon, France",43.054859,1.997267
"Pacherenc du Vic Bilh, , Southwest France, France",46.227638,2.213749
"Côtes de Bordeaux, , Bordeaux, France",44.8357252,-0.5729527999999999
"Francs Côtes de Bordeaux, , Bordeaux, France",44.837789,-0.57918
"Montravel, , Southwest France, France",44.859834,0.052954
"Côte de Brouilly, , Beaujolais, France",46.100171,4.656352
"Régnié, , Beaujolais, France",46.148683,4.6401625
", Languedoc-Roussillon, France",43.5912356,3.2583626
"Corbières-Boutenac, , Languedoc-Roussillon, France",43.1485716,2.79395
"Vin de Pays du Val de Cesse, , Languedoc-Roussillon, France",43.5912356,3.2583626
"Premieres Côtes de Bordeaux, , Bordeaux, France",44.837789,-0.57918
"Pécharmant, , Southwest France, France",44.86747099999999,0.520136
"Saussignac, , Southwest France, France",44.800008,0.326801
"Coteaux du Languedoc Pic Saint Loup, , Languedoc-Roussillon, France",43.780392,3.813078
"Pays d'Oc, , Languedoc-Roussillon, France",43.5912356,3.2583626
"Côtes du Rhône Villages, , Rhône Valley, France",45.370552,6.320491
"Saint-Georges-Saint-Émilion, , Bordeaux, France",44.8854098,-0.1533505
"Brouilly, , Beaujolais, France",46.105356,4.647113
"Côtes de Thongue, , Languedoc-Roussillon, France",43.3990251,3.416833
"Faugères, , Languedoc-Roussillon, France",43.5655659,3.188741
"Aloxe-Corton, , Burgundy, France",47.065692,4.85994
"Patrimonio, , France Other, France",42.706531,9.369553999999999
"Côte Rôtie, , Rhône Valley, France",45.5096395,4.7973659
"Chiroubles, , Beaujolais, France",46.180983,4.665474
"Château-Chalon, , France Other, France",46.7549,5.626337899999999
"Savennières-Roche-Aux-Moines, , Loire Valley, France",47.3910557,-0.6439446
"Limoux, , Languedoc-Roussillon, France",43.053289,2.218142
"Brulhois, , Southwest France, France",44.177717,0.515621
"Languedoc, , Languedoc-Roussillon, France",43.5912356,3.2583626
"Ardèche, , Rhône Valley, France",44.759629,4.5624426
", France Other, France",46.227638,2.213749
"Côtes du Lot, , Southwest France, France",44.5379358,1.6760691
"Corton-Pougets, , Burgundy, France",47.0717829,4.8663697
"Cérons, , Bordeaux, France",44.8206381,-0.5706275
"Coteaux du Layon, , Loire Valley, France",47.5532402,1.0105289
"Quincy, , Loire Valley, France",47.5532402,1.0105289
"Clos de Vougeot, , Burgundy, France",47.1748138,4.955246
"Corton Les Renardes, , Burgundy, France",47.0717829,4.8663697
"Lirac, , Rhône Valley, France",44.03527500000001,4.693796
"Barsac, , Bordeaux, France",44.8179136,-0.5703113
", Bordeaux, France",44.837789,-0.57918
"Corse Porto Vecchio, , France Other, France",41.591369,9.278311
"Buzet, , Southwest France, France",44.258058,0.298192
"Mâcon-Verze, , Burgundy, France",46.376678,4.734818
"Cour-Cheverny, , Loire Valley, France",47.508733,1.457552
"Muscadet Sèvre et Maine Clisson, , Loire Valley, France",47.0870103,-1.2854647
"Aude Hauterive, , Languedoc-Roussillon, France",43.1478416,2.8216133
"Puisseguin Saint-Émilion, , Bordeaux, France",44.837789,-0.57918
"Côtes du Marmandais, , Southwest France, France",46.227638,2.213749
"Meursault-Blagny, , Burgundy, France",46.97822499999999,4.768746
"Rully, , Burgundy, France",46.8746054,4.7415666
"Vin de Pays de Vaucluse, , Rhône Valley, France",44.0565054,5.1432068
", Southwest France, France",45.5126545,4.4904519
"Auxey-Duresses, , Burgundy, France",46.986357,4.747390999999999
"Fitou, , Languedoc-Roussillon, France",42.893306,2.978041
"Morey-Saint-Denis, , Burgundy, France",47.195673,4.962496
"Savoie, , France Other, France",45.4932045,6.472399999999999
"Monbazillac, , Southwest France, France",44.793529,0.492161
"Saint-Péray, , Rhône Valley, France",44.944816,4.841902999999999
"Savennières, , Loire Valley, France",47.383101,-0.656999
"Banyuls, , Languedoc-Roussillon, France",42.48343,3.128874
"Mediterranée, , France Other, France",46.227638,2.213749
"Vin de Pays de la Haute Vallée du Gassac, , Languedoc-Roussillon, France",43.5912356,3.2583626
"Vin Doux Naturel Rasteau, , Rhône Valley, France",44.231277,4.986897
"Chambertin, , Burgundy, France",47.225962,4.968738999999999
"Crémant de Limoux, , Languedoc-Roussillon, France",43.053289,2.218142
"Ile de Beauté, , France Other, France",46.227638,2.213749
"Val de Loire, , Loire Valley, France",47.5532402,1.0105289
"Vin de Pays de la Méditerranée, , France Other, France",46.227638,2.213749
"Vin de Table Francais, , France Other, France",46.227638,2.213749
"Sainte-Foy Bordeaux, , Bordeaux, France",44.837789,-0.57918
"Côtes de Nuits Villages, , Burgundy, France",47.1374979,4.9504852
"Vin de Pays des Alpilles, , Provence, France",43.7577242,4.8512089
"Lot, , Southwest France, France",44.5379358,1.6760691
"Mazis-Chambertin, , Burgundy, France",47.225962,4.968738999999999
"Moulis, , Bordeaux, France",44.8552298,-0.5885631
"Corton Vergennes, , Burgundy, France",47.0717829,4.8663697
"Beaujolais, , Beaujolais, France",46.1134349,4.7263863
"Vin de Pays d'Oc, , Languedoc-Roussillon, France",43.5912356,3.2583626
"Cheverny, , Loire Valley, France",47.49973,1.46013
"Canon-Fronsac, , Bordeaux, France",44.837789,-0.57918
"Corton-Bressandes, , Burgundy, France",47.0717829,4.8663697
"Muscat de Beaumes de Venise, , Rhône Valley, France",44.122161,5.029084
"Cabardes, , Languedoc-Roussillon, France",43.407871,2.437265
"Vin Mousseux, , France Other, France",46.227638,2.213749
"Gaillac Doux, , Southwest France, France",43.9018159,1.896506
"Sable de Camargue, , Languedoc-Roussillon, France",43.5633702,4.220189899999999
"Laudun, , Rhône Valley, France",44.105296,4.657439
"Saint-Chinian-Roquebrun, , Languedoc-Roussillon, France",43.418646,2.945129
"Corton Perrières, , Burgundy, France",47.0717829,4.8663697
"Coteaux du Layon Beaulieu, , Loire Valley, France",47.5532402,1.0105289
"Côte Roannaise, , Loire Valley, France",47.5532402,1.0105289
"Anjou Villages, , Loire Valley, France",47.5532402,1.0105289
"Beaujolais-Leynes, , Beaujolais, France",46.2677996,4.729654399999999
"Vin de Pays du Gard, , Rhône Valley, France",43.9446996,4.1513764
"Muscadet, , Loire Valley, France",47.5532402,1.0105289
"Vin de Pays des Côtes de Gascogne, , Southwest France, France",46.227638,2.213749
"Côtes du Jura, , France Other, France",46.76247499999999,5.6729159
"Blanquette de Limoux, , Languedoc-Roussillon, France",43.053289,2.218142
"Premieres Côtes de Blaye, , Bordeaux, France",45.126841,-0.662941
"Coteaux du Vendômois, , Loire Valley, France",47.7925396,1.0653427
"Toscana, , Tuscany, Italy",43.5671153,10.9807003
"Morellino di Scansano, , Tuscany, Italy",42.6863861,11.3339204
"Barolo, , Piedmont, Italy",44.6088032,7.9403041
"Barbera d'Alba, , Piedmont, Italy",45.0522366,7.5153885
"Chianti Classico, , Tuscany, Italy",43.5671153,10.9807003
"Alto Adige, , Northeastern Italy, Italy",46.7340955,11.2888015
"Brunello di Montalcino, , Tuscany, Italy",43.0551015,11.4890032
"Torgiano, , Central Italy, Italy",43.0273158,12.432391
"Veneto, , Veneto, Italy",45.76233329999999,11.690976
"Colli Orientali del Friuli, , Northeastern Italy, Italy",46.2259177,13.1033646
"Monferrato, , Piedmont, Italy",44.8175587,8.7046627
"Bianco di Custoza, , Veneto, Italy",45.3729347,10.7962865
"Soave, , Veneto, Italy",45.4544384,11.2358335
"Collio, , Northeastern Italy, Italy",45.8109034,10.3338726
"Trentino, , Northeastern Italy, Italy",46.0747793,11.1217486
"Gavi, , Piedmont, Italy",44.6880915,8.8037472
"Etna, , Sicily & Sardinia, Italy",37.3979297,14.6587821
"Franciacorta, , Lombardy, Italy",45.5883797,10.0795033
"Vino Nobile di Montepulciano, , Tuscany, Italy",43.0986938,11.7872467
"Amarone della Valpolicella, , Veneto, Italy",45.5205517,10.8869911
"Alto Adige Valle Isarco, , Northeastern Italy, Italy",46.6621903,11.6128524
"Dolcetto d'Alba, , Piedmont, Italy",44.7009153,8.0356911
"Dogliani Superiore, , Piedmont, Italy",44.5319723,7.949748199999999
"Cortona, , Tuscany, Italy",43.27506340000001,11.98512
"Piemonte, , Piedmont, Italy",45.0522366,7.5153885
"Colli della Toscana Centrale, , Tuscany, Italy",43.2366855,10.8670199
"Vin Santo del Chianti Classico, , Tuscany, Italy",43.5671153,10.9807003
"Trento, , Northeastern Italy, Italy",46.0747793,11.1217486
"Verdicchio dei Castelli di Jesi Classico, , Central Italy, Italy",41.87194,12.56738
"Sannio, , Southern Italy, Italy",40.5625825,15.4068079
"Sicilia, , Sicily & Sardinia, Italy",40.1208752,9.012892599999999
"Terre Siciliane, , Sicily & Sardinia, Italy",40.1208752,9.012892599999999
"Langhe, , Piedmont, Italy",44.6095799,7.9700966
"Rosso di Montalcino, , Tuscany, Italy",43.0551015,11.4890032
"Rosso di Montepulciano, , Tuscany, Italy",43.0986938,11.7872467
"Barbaresco, , Piedmont, Italy",44.7232618,8.0835572
", Piedmont, Italy",45.0522366,7.5153885
"Greco di Tufo, , Southern Italy, Italy",41.0103664,14.8197596
"Valle d'Aosta, , Northwestern Italy, Italy",45.7388878,7.426186599999999
"Alto Adige Terlano, , Northeastern Italy, Italy",46.5293309,11.2484293
"Amarone della Valpolicella Classico, , Veneto, Italy",45.76233329999999,11.690976
"Vigneti delle Dolomiti, , Northeastern Italy, Italy",46.4102117,11.8440351
"Faro, , Sicily & Sardinia, Italy",40.1208752,9.012892599999999
"Bolgheri Superiore, , Tuscany, Italy",43.2336764,10.6170139
"Bolgheri, , Tuscany, Italy",43.2336764,10.6170139
"Fiano di Avellino, , Southern Italy, Italy",40.914388,14.7906121
"Murgia, , Southern Italy, Italy",40.976111,16.406111
"Vermentino di Sardegna, , Sicily & Sardinia, Italy",40.1208752,9.012892599999999
"Isola dei Nuraghi, , Sicily & Sardinia, Italy",40.1208752,9.012892599999999
"Primitivo di Manduria, , Southern Italy, Italy",40.3980418,17.6376863
"Salento, , Southern Italy, Italy",40.42336419999999,17.9531836
"Roero, , Piedmont, Italy",45.0522366,7.5153885
"Barbera d'Asti, , Piedmont, Italy",44.90075119999999,8.2064257
"Barbera d'Alba Superiore, , Piedmont, Italy",45.0522366,7.5153885
"Recioto di Soave, , Veneto, Italy",45.4544384,11.2358335
"Montefalco Rosso, , Central Italy, Italy",42.88929359999999,12.6502843
"Lambrusco di Modena, , Central Italy, Italy",44.647128,10.9252269
"Montefalco Sagrantino, , Central Italy, Italy",42.88929359999999,12.6502843
"Lazio, , Central Italy, Italy",41.6552418,12.989615
"Soave Classico, , Veneto, Italy",45.4197907,11.2481339
"Venezia Giulia, , Northeastern Italy, Italy",46.2259177,13.1033646
"Aglianico del Vulture, , Southern Italy, Italy",40.92618969999999,15.6695446
"Valpolicella Classico Superiore Ripasso, , Veneto, Italy",45.554085,10.8996702
"Lessona, , Piedmont, Italy",45.58773290000001,8.1925447
"Vino Spumante, , Italy Other, Italy",41.87194,12.56738
"Boca, , Piedmont, Italy",45.6855033,8.4002122
"Montepulciano d'Abruzzo, , Central Italy, Italy",42.1920119,13.7289167
"Colline Pescaresi, , Central Italy, Italy",42.4690313,13.9938133
"Sangiovese di Romagna Superiore, , Central Italy, Italy",41.87194,12.56738
"Vernaccia di San Gimignano, , Tuscany, Italy",43.4676324,11.0434909
"Romagna, , Central Italy, Italy",44.5967607,11.2186396
"Taurasi, , Southern Italy, Italy",41.0077969,14.9589703
"Eloro, , Sicily & Sardinia, Italy",40.1208752,9.012892599999999
"Umbria, , Central Italy, Italy",42.938004,12.6216211
"Valdobbiadene Prosecco Superiore, , Veneto, Italy",45.9012514,11.9958811
"Irpinia, , Southern Italy, Italy",40.996451,15.1258955
"Taburno, , Southern Italy, Italy",41.10833299999999,14.608333
"Trebbiano d'Abruzzo, , Central Italy, Italy",42.1920119,13.7289167
"Recioto della Valpolicella Classico, , Veneto, Italy",45.5205517,10.8869911
"Falerno del Massico, , Southern Italy, Italy",40.5625825,15.4068079
"Maremma Toscana, , Tuscany, Italy",43.5671153,10.9807003
"Barbera d'Asti Superiore, , Piedmont, Italy",45.0522366,7.5153885
"Alta Langa, , Piedmont, Italy",45.0522366,7.5153885
"Conero, , Central Italy, Italy",43.55,13.6
"Vittoria, , Sicily & Sardinia, Italy",40.1208752,9.012892599999999
"Ghemme, , Piedmont, Italy",45.5958705,8.4228612
"Carignano del Sulcis, , Sicily & Sardinia, Italy",39.0714283,8.635171099999999
"Alghero, , Sicily & Sardinia, Italy",40.5779328,8.3144421
"Campania, , Southern Italy, Italy",41.1125078,14.8454619
"Marsala, , Sicily & Sardinia, Italy",37.7981074,12.4372236
"Rosso Conero, , Central Italy, Italy",41.87194,12.56738
"Falerio, , Central Italy, Italy",42.3039093,12.3512724
"Verdicchio dei Castelli di Jesi, , Central Italy, Italy",43.5270861,13.2463797
"Maremma, , Tuscany, Italy",43.5671153,10.9807003
"Moscato d'Asti, , Piedmont, Italy",44.90075119999999,8.2064257
"Val di Cornia Suvereto, , Tuscany, Italy",43.0721649,10.7113162
"Orvieto Classico Superiore, , Central Italy, Italy",42.7185068,12.1107446
"Friuli, , Northeastern Italy, Italy",46.2259177,13.1033646
"Conegliano Valdobbiadene Prosecco Superiore, , Veneto, Italy",45.915836,12.166491
"Valpolicella Superiore Ripasso, , Veneto, Italy",45.5205517,10.8869911
"Valpolicella Superiore, , Veneto, Italy",45.5205517,10.8869911
"Val di Neto, , Southern Italy, Italy",41.87194,12.56738
"Nebbiolo d'Alba, , Piedmont, Italy",44.7009153,8.0356911
"Bardolino, , Veneto, Italy",45.5453076,10.6914197
"Veronese, , Veneto, Italy",45.43838419999999,10.9916215
"Valpolicella Classico Superiore, , Veneto, Italy",45.554085,10.8996702
"Chianti Rufina, , Tuscany, Italy",43.8266869,11.5134398
"Chianti, , Tuscany, Italy",43.4811742,11.2750531
"Prosecco Superiore di Cartizze, , Veneto, Italy",45.76233329999999,11.690976
"Lugana, , Lombardy, Italy",45.47906709999999,9.8452433
"Vermentino di Gallura, , Sicily & Sardinia, Italy",40.9871753,9.2785583
"Costa Toscana, , Tuscany, Italy",43.8883976,10.7113584
"Moscadello di Montalcino, , Tuscany, Italy",43.0551015,11.4890032
"Lambrusco Grasparossa di Castelvetro, , Central Italy, Italy",44.5041498,10.9457811
", Northeastern Italy, Italy",45.92950219999999,11.5621417
"Lessini Durello, , Veneto, Italy",45.4494741,11.3725065
"Salina, , Sicily & Sardinia, Italy",38.5674187,14.8337879
"Valtellina Superiore, , Lombardy, Italy",46.1633869,9.8447202
"Monica di Sardegna, , Sicily & Sardinia, Italy",40.1208752,9.012892599999999
"Lago di Corbara, , Central Italy, Italy",42.7168337,12.2519308
"Marche, , Central Italy, Italy",43.462735,13.3587288
"Verdicchio dei Castelli di Jesi Classico Superiore, , Central Italy, Italy",41.87194,12.56738
"Offida Pecorino, , Central Italy, Italy",42.937437,13.6931614
"Passito di Pantelleria, , Sicily & Sardinia, Italy",40.1208752,9.012892599999999
"Vin Santo del Chianti Rufina, , Tuscany, Italy",43.8266869,11.5134398
"Aglianico del Taburno, , Southern Italy, Italy",41.87194,12.56738
"Castel del Monte, , Southern Italy, Italy",42.3647038,13.7266016
"Molise, , Southern Italy, Italy",41.67388649999999,14.7520939
"Sforzato di Valtellina, , Lombardy, Italy",46.1633869,9.8447202
"Montepulciano d'Abruzzo Colline Teramane, , Central Italy, Italy",42.1920119,13.7289167
"Terrazze Retiche di Sondrio, , Lombardy, Italy",46.1616045,9.9587524
"Coste della Sesia, , Piedmont, Italy",45.51208283957732,8.249226522706
"Gattinara, , Piedmont, Italy",45.6139525,8.3715171
"Valdobbiadene Superiore di Cartizze, , Veneto, Italy",45.9012514,11.9958811
"Loazzolo, , Piedmont, Italy",44.6688073,8.258573799999999
"Monteregio di Massa Marittima, , Tuscany, Italy",43.052064,10.889617
"Salice Salentino, , Southern Italy, Italy",40.385073,17.9652521
"Sagrantino di Montefalco, , Central Italy, Italy",42.88929359999999,12.6502843
"Sant'Antimo, , Tuscany, Italy",43.5671153,10.9807003
"Dogliani, , Piedmont, Italy",44.5319723,7.949748199999999
"Lambrusco di Sorbara, , Central Italy, Italy",44.7507818,11.0034913
"Puglia, , Southern Italy, Italy",40.7928393,17.1011931
"Friuli Isonzo, , Northeastern Italy, Italy",46.06572108416142,13.60167631416422
"Prosecco di Conegliano, , Veneto, Italy",45.889197,12.3006368
"Terre del Volturno, , Southern Italy, Italy",41.24272900284603,14.19336454812358
"Falanghina del Sannio, , Southern Italy, Italy",41.87194,12.56738
"Isonzo del Friuli, , Northeastern Italy, Italy",46.06572108416142,13.60167631416422
"Chianti Colli Fiorentini, , Tuscany, Italy",43.7695604,11.2558136
"Colli Trevigiani, , Northeastern Italy, Italy",45.6668893,12.2430437
"Recioto di Soave Classico, , Veneto, Italy",45.4197907,11.2481339
"Rosso Piceno, , Central Italy, Italy",41.87194,12.56738
"Cannonau di Sardegna, , Sicily & Sardinia, Italy",40.1208752,9.012892599999999
"Carmignano, , Tuscany, Italy",43.8007472,11.0146187
"Lugana Superiore, , Lombardy, Italy",45.47906709999999,9.8452433
"Cesanese del Piglio, , Central Italy, Italy",41.8298443,13.1407489
"Vittoria Frappato, , Sicily & Sardinia, Italy",36.9520998,14.5372653
"Friuli Aquileia, , Northeastern Italy, Italy",45.76816909999999,13.3687199
"Lacryma Christi del Vesuvio, , Southern Italy, Italy",40.82238299999999,14.4289058
"Biferno Rosso, , Southern Italy, Italy",41.90696201507187,14.94412443139398
"Prosecco di Valdobbiadene, , Veneto, Italy",45.9012514,11.9958811
"Colli Perugini, , Central Italy, Italy",41.87194,12.56738
"Colli Tortonesi, , Piedmont, Italy",45.155199,8.2459284
"Montecucco, , Tuscany, Italy",43.7388922,11.3860171
"Italy, , Italy Other, Italy",41.87194,12.56738
"Noto, , Sicily & Sardinia, Italy",36.8924433,15.0651945
"Campi Flegrei, , Southern Italy, Italy",40.827,14.139
"Colline Teatine, , Central Italy, Italy",41.87194,12.56738
"Malvasia delle Lipari, , Sicily & Sardinia, Italy",38.4936623,14.9272044
"Prosecco, , Veneto, Italy",45.76233329999999,11.690976
"Chianti Colli Aretini, , Tuscany, Italy",43.46328390000001,11.8796336
"Barbera d'Asti Superiore Nizza, , Piedmont, Italy",44.7592537,8.3604748
"Teroldego Rotaliano, , Northeastern Italy, Italy",46.2064495,11.1000317
"Friuli Colli Orientali, , Northeastern Italy, Italy",46.2259177,13.1033646
"Prosecco Treviso, , Veneto, Italy",45.7857292,12.1970288
"Frascati Superiore, , Central Italy, Italy",41.8085208,12.6761041
"Piave, , Veneto, Italy",46.06875201205004,12.3314323275668
"Emilia-Romagna, , Central Italy, Italy",44.5967607,11.2186396
"Rosazzo, , Northeastern Italy, Italy",46.0090164,13.4206379
"Colline Novaresi, , Piedmont, Italy",45.44692999999999,8.622161199999999
"Cerasuolo di Vittoria, , Sicily & Sardinia, Italy",40.1208752,9.012892599999999
"Soave Classico Superiore, , Veneto, Italy",45.4197907,11.2481339
"Bramaterra, , Piedmont, Italy",45.0522366,7.5153885
"Soave Superiore, , Veneto, Italy",45.4544384,11.2358335
"Cilento, , Southern Italy, Italy",40.5625825,15.4068079
"Sangiovese di Romagna, , Central Italy, Italy",41.87194,12.56738
"Verdicchio di Matelica, , Central Italy, Italy",43.2511531,13.0091955
"Vin Santo del Chianti, , Tuscany, Italy",43.5671153,10.9807003
"Alcamo, , Sicily & Sardinia, Italy",37.9783947,12.9686255
"Asti, , Piedmont, Italy",44.90075119999999,8.2064257
"Barbera del Monferrato Superiore, , Piedmont, Italy",44.8175587,8.7046627
"Cerasuolo di Vittoria Classico, , Sicily & Sardinia, Italy",37.3979297,14.6587821
"Contea di Sclafani, , Sicily & Sardinia, Italy",40.1208752,9.012892599999999
"Nuragus di Cagliari, , Sicily & Sardinia, Italy",39.2238411,9.1216613
"Prosecco di Conegliano e Valdobbiadene, , Veneto, Italy",45.8970553,12.0118446
", Veneto, Italy",45.76233329999999,11.690976
"Colline Lucchesi, , Tuscany, Italy",43.8429197,10.5026977
"Fara, , Piedmont, Italy",45.553646,8.460478799999999
"Passito di Noto, , Sicily & Sardinia, Italy",40.1208752,9.012892599999999
"Roccamonfina, , Southern Italy, Italy",41.2928103,13.9851231
", Central Italy, Italy",41.87194,12.56738
"Rosso del Veronese, , Veneto, Italy",45.43838419999999,10.9916215
"Amarone della Valpolicella Valpantena, , Veneto, Italy",45.5333333,11.0
"Chianti Colli Senesi, , Tuscany, Italy",43.31880899999999,11.3307574
"Abruzzo, , Central Italy, Italy",42.1920119,13.7289167
"Friuli Grave, , Northeastern Italy, Italy",46.2259177,13.1033646
"Asolo Prosecco Superiore, , Veneto, Italy",45.79925859999999,11.9141103
"Vino da Tavola, , Italy Other, Italy",41.87194,12.56738
"Orcia, , Tuscany, Italy",43.0581804,11.6060636
"Rubicone, , Central Italy, Italy",44.08456881151463,12.35429823680086
"Recioto della Valpolicella, , Veneto, Italy",45.5205517,10.8869911
"Colli Euganei, , Veneto, Italy",45.3166667,11.6666667
"Valpolicella Classico, , Veneto, Italy",45.554085,10.8996702
"Colli di Salerno, , Southern Italy, Italy",40.68244079999999,14.7680961
"Contessa Entellina, , Sicily & Sardinia, Italy",37.7295385,13.1833552
"Moscato di Noto, , Sicily & Sardinia, Italy",36.8924433,15.0651945
"Beneventano, , Southern Italy, Italy",41.1297613,14.7826208
"Valpolicella Ripasso Classico, , Veneto, Italy",45.5205517,10.8869911
"Controguerra, , Central Italy, Italy",42.85042199999999,13.8123653
"Falanghina del Beneventano, , Southern Italy, Italy",41.2035093,14.7520939
"Ruché di Castagnole Monferrato, , Piedmont, Italy",44.9624895,8.304856400000002
"Colli Piacentini, , Central Italy, Italy",41.87194,12.56738
"Erbaluce di Caluso, , Piedmont, Italy",45.3022362,7.8896742
"Pompeiano, , Southern Italy, Italy",40.5625825,15.4068079
"Breganze, , Veneto, Italy",45.708245,11.5574545
"Siracusa, , Sicily & Sardinia, Italy",37.0754739,15.2865861
"Carema, , Piedmont, Italy",45.5826302,7.8080102
"Lombardy, , Lombardy, Italy",45.47906709999999,9.8452433
"Colli Etruria Centrale, , Tuscany, Italy",43.2366855,10.8670199
"Valli di Porto Pino, , Sicily & Sardinia, Italy",38.9636015,8.5954553
"Calabria, , Southern Italy, Italy",39.3087714,16.3463791
"Albana di Romagna, , Central Italy, Italy",44.5967607,11.2186396
"Friuli Venezia Giulia, , Northeastern Italy, Italy",46.2259177,13.1033646
"Aglianico del Beneventano, , Southern Italy, Italy",41.1297613,14.7826208
"Forlì, , Central Italy, Italy",44.2227398,12.0407312
"Chianti Superiore, , Tuscany, Italy",43.5671153,10.9807003
"Dolcetto di Dogliani Superiore, , Piedmont, Italy",44.5525276,7.9210805
"Piedmont, , Piedmont, Italy",45.0522366,7.5153885
"Basilicata, , Southern Italy, Italy",40.6430766,15.9699878
"Venezie, , Northeastern Italy, Italy",45.92950219999999,11.5621417
"Trentino Superiore, , Northeastern Italy, Italy",46.0747793,11.1217486
"Chianti Montespertoli, , Tuscany, Italy",43.6444674,11.071105
"Chianti Montalbano, , Tuscany, Italy",43.5671153,10.9807003
"Vin Santo di Carmignano, , Tuscany, Italy",43.8007472,11.0146187
"Ramandolo, , Northeastern Italy, Italy",45.92950219999999,11.5621417
"Montescudaio, , Tuscany, Italy",43.326165,10.6265654
"Rosso di Cerignola, , Southern Italy, Italy",41.2656157,15.8936429
"Dolcetto di Dogliani, , Piedmont, Italy",44.5525276,7.9210805
"Costa d'Amalfi, , Southern Italy, Italy",40.6333389,14.6028963
"Sant' Agata dei Goti, , Southern Italy, Italy",41.0895812,14.4998955
"Lison-Pramaggiore, , Veneto, Italy",45.7787431,12.7368098
"Delle Venezie, , Northeastern Italy, Italy",45.4408474,12.3155151
"Torgiano Rosso Riserva, , Central Italy, Italy",43.0273158,12.432391
"Tuscany, , Tuscany, Italy",43.5671153,10.9807003
"Vin Santo di Montepulciano, , Tuscany, Italy",43.120283,11.8207566
"Sardinia, , Sicily & Sardinia, Italy",40.1208752,9.012892599999999
"Colline Teramane, , Central Italy, Italy",42.6611431,13.6986639
"Colli di Conegliano, , Veneto, Italy",45.889197,12.3006368
"Valtellina, , Lombardy, Italy",46.1633869,9.8447202
"Cerasuolo d'Abruzzo, , Central Italy, Italy",42.1920119,13.7289167
"Dolcetto di Diano d'Alba, , Piedmont, Italy",44.64998809999999,8.0271337
"Oltrepò Pavese, , Lombardy, Italy",45.1946091,9.1785697
"Marca Trevigiana, , Veneto, Italy",45.6596474,12.2619438
"Erice, , Sicily & Sardinia, Italy",38.0380892,12.5873511
"Bardolino Chiaretto, , Veneto, Italy",45.5433773,10.7224261
"Pomino, , Tuscany, Italy",43.81774799999999,11.5481573
"Cirò, , Southern Italy, Italy",39.3811686,17.0673088
"Barbera del Monferrato, , Piedmont, Italy",44.8175587,8.7046627
"Orvieto Classico, , Central Italy, Italy",42.7185068,12.1107446
"Civitella d'Agliano, , Central Italy, Italy",42.6042926,12.1859029
"Nasco di Cagliari, , Sicily & Sardinia, Italy",39.2238411,9.1216613
"Copertino, , Southern Italy, Italy",40.2696379,18.0604887
"Alta Valle della Greve, , Tuscany, Italy",43.5830644,11.3186815
"Prosecco di Valdobbiadene Superiore, , Veneto, Italy",45.9012514,11.9958811
", Italy Other, Italy",41.87194,12.56738
"Rosso di Toscana, , Tuscany, Italy",43.5671153,10.9807003
"Roero Arneis, , Piedmont, Italy",45.0522366,7.5153885
"Terre di Chieti, , Central Italy, Italy",42.347886,14.1635845
"Strevi, , Piedmont, Italy",44.7004186,8.5234983
"Garda, , Northeastern Italy, Italy",45.5771011,10.7055676
"Cacc’e Mmitte di Lucera, , Southern Italy, Italy",41.5079256,15.3403762
"Epomeo, , Southern Italy, Italy",40.73023269999999,13.8942535
"Colli Martani, , Central Italy, Italy",41.87194,12.56738
"Veneto Orientale, , Veneto, Italy",45.76233329999999,11.690976
"Catalanesca del Monte Somma, , Southern Italy, Italy",40.8333333,14.4333333
"Cirò Classico, , Southern Italy, Italy",39.3811686,17.0673088
"Vesuvio, , Southern Italy, Italy",40.82238299999999,14.4289058
"Offida Passerina, , Central Italy, Italy",42.937437,13.6931614
"Navarra, , Northern Spain, Spain",42.6953909,-1.6760691
"Ribera del Duero, , Northern Spain, Spain",41.7820044,-3.6623239
"Rías Baixas, , Galicia, Spain",42.4270967,-8.814226399999999
"Dominio de Valdepusa, , Central Spain, Spain",40.46366700000001,-3.74922
"Rueda, , Northern Spain, Spain",40.46366700000001,-3.74922
"Montsant, , Catalonia, Spain",41.292953,0.7978029999999999
"Cava, , Catalonia, Spain",42.3252871,1.6055202
"Rioja, , Northern Spain, Spain",42.2870733,-2.539603
"Bierzo, , Northern Spain, Spain",42.59219239999999,-6.663812
"Vino de la Tierra de Castilla y León, , Northern Spain, Spain",41.83568210000001,-4.397635699999999
"Valencia, , Levante, Spain",39.4699075,-0.3762881
"Cariñena, , Northern Spain, Spain",41.3370805,-1.2241497
"Vino de la Tierra de Castilla, , Central Spain, Spain",40.46366700000001,-3.74922
"Priorat, , Catalonia, Spain",41.23797829999999,0.7913226999999999
"Jumilla, , Levante, Spain",38.4763532,-1.3221865
"Penedès, , Catalonia, Spain",41.8388558,2.9480964
"Valdeorras, , Northern Spain, Spain",42.3788608,-6.9638624
"Bizkaiko Txakolina, , Northern Spain, Spain",40.46366700000001,-3.74922
"La Mancha, , Central Spain, Spain",39.5379744,-2.6983868
"Uclés, , Central Spain, Spain",39.9799887,-2.8633215
"Jerez, , Andalucia, Spain",36.6850064,-6.126074399999999
"Alella, , Catalonia, Spain",41.4919653,2.2940817
"Catalunya, , Catalonia, Spain",41.5911589,1.5208624
"Ribeiro, , Galicia, Spain",42.2985501,-8.1775638
"Alicante, , Levante, Spain",38.3459963,-0.4906855
"Getariako Txakolina, , Northern Spain, Spain",43.3077339,-2.2021494
"Calatayud, , Northern Spain, Spain",41.3531678,-1.6468455
"Toro, , Northern Spain, Spain",40.46366700000001,-3.74922
"Yecla, , Levante, Spain",38.6124929,-1.1111083
"Empordà, , Northern Spain, Spain",42.2755267,3.0175712
"Spain, , Spain Other, Spain",40.46366700000001,-3.74922
"Campo de Borja, , Northern Spain, Spain",41.8311685,-1.443469
"Terra Alta, , Catalonia, Spain",41.07922569999999,0.3371889
"Valdepeñas, , Central Spain, Spain",38.760524,-3.3876074
"Almansa, , Central Spain, Spain",38.8702789,-1.0993366
"Montilla-Moriles, , Andalucia, Spain",37.5853589,-4.6395193
"Málaga, , Andalucia, Spain",36.721261,-4.4212655
", Andalucia, Spain",37.5442706,-4.7277528
"Somontano, , Northern Spain, Spain",42.1177335,0.03732009999999999
"Tierra del Viños de Zamora, , Northern Spain, Spain",40.46366700000001,-3.74922
"Tarragona, , Catalonia, Spain",41.1188827,1.2444909
"Ribeira Sacra, , Galicia, Spain",42.5504188,-7.6928814
"Vi de la Terra Illes Balears, , Spanish Islands, Spain",39.6477669,2.7725166
"Catalonia, , Catalonia, Spain",41.5911589,1.5208624
"Vino de la Tierra Contraviesa Alpujarra, , Andalucia, Spain",36.8499466,-3.2169
"Pla de Bages, , Catalonia, Spain",41.7332933,1.8376916
"Conca de Barberà, , Catalonia, Spain",41.4745038,1.2506002
"Sierra de Salamanca, , Central Spain, Spain",40.9701039,-5.663539699999999
"Utiel-Requena, , Levante, Spain",39.5620627,-1.2891036
"Tierra de León, , Northern Spain, Spain",40.46366700000001,-3.74922
"Tierra de Castilla, , Central Spain, Spain",40.46366700000001,-3.74922
"Bullas, , Levante, Spain",38.0433449,-1.6736397
"Ribera del Júcar, , Central Spain, Spain",39.2286419,-1.443469
"Manchuela, , Central Spain, Spain",40.46366700000001,-3.74922
"Costers del Segre, , Catalonia, Spain",41.599156,0.5812269999999999
"Monterrei, , Galicia, Spain",41.9470179,-7.449239599999999
"Cigales, , Northern Spain, Spain",41.7733965,-4.7174062
"Extremadura, , Central Spain, Spain",39.4937392,-6.0679194
"Toledo, , Central Spain, Spain",39.8628296,-4.0273067
"Vi de la Terra Mallorca, , Spanish Islands, Spain",39.6952629,3.0175712
"Vino de la Tierra del Bajo Aragón, , Northern Spain, Spain",40.9989087,-0.1869644
"Manzanilla-Sanlúcar de Barrameda, , Andalucia, Spain",36.7561998,-6.3473536
"Vinos de Madrid, , Central Spain, Spain",40.4195885,-3.6927294
"Castilla La Mancha, , Central Spain, Spain",39.2795607,-3.097702
"Ribera del Guadiana, , Central Spain, Spain",38.67928939999999,-6.3963363
"Lanzarote, , Spanish Islands, Spain",29.0468535,-13.5899733
"Vino de la Tierra de Cádiz, , Andalucia, Spain",36.5306137,-6.2962742
"Vino de la Tierra de Zamora, , Northern Spain, Spain",41.35375,-5.768549999999999
"Vino de la Tierra de Castelló, , Levante, Spain",39.9855905,-0.0496388
"Arribes del Duero, , Northern Spain, Spain",41.1029491,-6.7538769
"Vino da Mesa de Toledo, , Central Spain, Spain",39.8628296,-4.0273067
"Vino de la Tierra Ribera del Gállego-Cinco Villas, , Northern Spain, Spain",42.2709963,-0.7515644000000001
", Northern Spain, Spain",40.46366700000001,-3.74922
"Mentrida, , Central Spain, Spain",40.2394809,-4.1936206
"Vino de Calidad de Tierras de León, , Northern Spain, Spain",42.59836110000001,-5.5718779
"Pago de Arínzano, , Northern Spain, Spain",42.630641,-1.993364
", Spanish Islands, Spain",28.0,-15.5
"Sardon de Duero, , Northern Spain, Spain",41.6087567,-4.4342872
"Vino de Calidad de Valtiendas, , Northern Spain, Spain",41.4781804,-3.9174139
"Vino de Mesa, , Spain Other, Spain",40.46366700000001,-3.74922
", Douro, Portugal",41.50561058101842,-5.492254831585304
", Alentejano, Portugal",38.2003808,-7.800084999999998
", Alentejo, Portugal",38.2003808,-7.800084999999998
", Beira Atlantico, Portugal",39.4486999,-7.370348099999999
", Vinho Verde, Portugal",39.39987199999999,-8.224454
", Tejo, Portugal",39.72222599365884,-5.511988756441918
", Lisboa, Portugal",38.7222524,-9.1393366
", Península de Setúbal, Portugal",39.39987199999999,-8.224454
", Port, Portugal",41.1579438,-8.629105299999999
", Dão, Portugal",40.5199966,-7.8871834
", Bairrada, Portugal",40.4601671,-8.4556658
", Ribatejano, Portugal",39.39987199999999,-8.224454
", Duriense, Portugal",39.39987199999999,-8.224454
", Beiras, Portugal",39.4486999,-7.370348099999999
", Vinho Espumante, Portugal",39.39987199999999,-8.224454
", Terras do Dão, Portugal",39.39987199999999,-8.224454
", Beira Interior, Portugal",39.39987199999999,-8.224454
", Minho, Portugal",42.57102458944607,-8.067444877769393
", Bucelas, Portugal",38.9012762,-9.120144999999999
", Estremadura, Portugal",39.39987199999999,-8.224454
", Portuguese Table Wine, Portugal",39.39987199999999,-8.224454
", Setubal, Portugal",38.5260437,-8.8909328
", Trás-os-Montes, Portugal",41.8080133,-6.761025999999999
", Table wine, Portugal",39.39987199999999,-8.224454
", Moscatel de Setúbal, Portugal",38.5254047,-8.8941
", Ribatejo, Portugal",39.39987199999999,-8.224454
", Palmela, Portugal",38.569441,-8.9016937
", Alenquer, Portugal",39.0577004,-9.014003299999999
", Obidos, Portugal",39.3604212,-9.1582014
", Vinho Espumante de Qualidade, Portugal",39.39987199999999,-8.224454
", Algarve, Portugal",37.0179538,-7.930834000000001
", Terras do Sado, Portugal",38.5045895,-8.808715099999999
", Vinho da Mesa, Portugal",39.39987199999999,-8.224454
", Moscatel do Douro, Portugal",41.50561058101842,-5.492254831585304
", Portugal, Portugal",39.39987199999999,-8.224454
", Vinho Licoroso, Portugal",39.39987199999999,-8.224454
", Madeira, Portugal",32.76070740000001,-16.9594723
", Colares, Portugal",38.8031844,-9.449783
", Alenteo, Portugal",38.2003808,-7.800084999999998
", Távora-Varosa, Portugal",39.39987199999999,-8.224454
", Colchagua Valley, Chile",-34.6761419,-71.097317
", Maule Valley, Chile",-35.5255369,-71.6871867
", Rapel Valley, Chile",-33.9444044,-71.7375831
", Aconcagua Valley, Chile",-32.84483088221968,-70.94239562537184
", Maipo Valley, Chile",-33.7289899,-70.7778036
", Loncomilla Valley, Chile",-42.167126,-73.6257353
", Curicó Valley, Chile",-34.9779853,-71.2528803
", Casablanca Valley, Chile",-33.3182828,-71.4070899
", Central Valley, Chile",-35.675147,-71.542969
", Chile, Chile",-35.675147,-71.542969
", Cachapoal Valley, Chile",-34.1718313,-70.6216794
", Colchagua Costa, Chile",-34.5486349,-71.4016872
", Leyda Valley, Chile",-33.61077240000001,-71.4572075
", Elqui Valley, Chile",-29.8294614,-70.81199529999999
", Peumo, Chile",-34.3921609,-71.1667306
", Lontué Valley, Chile",-35.0567954,-71.26886019999999
", Puente Alto, Chile",-33.6186082,-70.5906057
", San Antonio, Chile",-33.5922807,-71.6055123
", Limarí Valley, Chile",-30.6285679,-71.2797645
", Bío Bío Valley, Chile",-37.4464428,-72.1416132
", Santa Cruz, Chile",-34.6324213,-71.3592116
", Marchigue, Chile",-34.3961235,-71.6200289
", Cauquenes Valley, Chile",-35.9676285,-72.32223309999999
", Apalta, Chile",-34.6366856,-71.3501573
", Choapa Valley, Chile",-31.7290678,-71.2053482
", Aconcagua Costa, Chile",-32.916336,-71.356269
", Sagrada Familia, Chile",-34.9995593,-71.3811573
", Lolol Valley, Chile",-34.728699,-71.6452075
", San Clemente, Chile",-35.5362386,-71.4872994
", Buin, Chile",-33.7313897,-70.742431
", Maipo Valley-Colchagua Valley, Chile",-34.5486349,-71.4016872
", Leyda Valley-Maipo Valley, Chile",-33.61077240000001,-71.4572075
", Itata Valley, Chile",-36.435272,-72.61511689999999
", Molina, Chile",-35.1164987,-71.2829759
", Curicó and Leyda Valleys, Chile",-33.61077240000001,-71.4572075
", Casablanca-Curicó Valley, Chile",-35.0723787,-71.25637189999999
", Coelemu, Chile",-36.4890584,-72.7036084
", Rio Claro, Chile",-35.2808267,-71.25995069999999
", Pirque, Chile",-33.6874736,-70.5883812
", Requinoa, Chile",-34.2866812,-70.8211772
"Cafayate, , Other, Argentina",-26.0730798,-65.976052
"Mendoza, , Mendoza Province, Argentina",-32.8894587,-68.8458386
"Salta, , Other, Argentina",-24.7821269,-65.4231976
"Luján de Cuyo, , Mendoza Province, Argentina",-32.9934519,-68.8869352
"Tupungato, , Mendoza Province, Argentina",-33.3728036,-69.1475583
"Valle de Uco, , Mendoza Province, Argentina",-34.5869034,-68.14314139999999
"Calchaquí Valley, , Other, Argentina",-26.0076442,-66.0331807
"Vista Flores, , Mendoza Province, Argentina",-33.6509809,-69.1558647
"San Juan, , Other, Argentina",-30.8724587,-68.52471489999999
"Maipú, , Mendoza Province, Argentina",-32.9584934,-68.7895478
"Patagonia, , Other, Argentina",-41.8101472,-68.9062689
"Uco Valley, , Mendoza Province, Argentina",-34.5869034,-68.14314139999999
"Perdriel, , Mendoza Province, Argentina",-33.0764292,-68.8868944
"Alto Valle del Río Negro, , Other, Argentina",-38.416097,-63.61667199999999
"Agrelo, , Mendoza Province, Argentina",-33.1194013,-68.8868944
"Neuquén, , Other, Argentina",-38.9516784,-68.0591888
"La Rioja, , Other, Argentina",-29.4134538,-66.8564579
"La Consulta, , Mendoza Province, Argentina",-33.7339291,-69.1199066
"Argentina, , Other, Argentina",-38.416097,-63.61667199999999
", Mendoza Province, Argentina",-34.5869034,-68.14314139999999
"Tulum Valley, , Other, Argentina",-38.416097,-63.61667199999999
"Buenos Aires, , Other, Argentina",-34.6036844,-58.3815591
"Jujuy, , Other, Argentina",-24.1857864,-65.2994767
"Río Negro Valley, , Other, Argentina",-40.7344343,-66.6176455
"Pedernal Valley, , Other, Argentina",-31.9958958,-68.764945
"San Carlos, , Mendoza Province, Argentina",-33.7721259,-69.0404345
"Zonda Valley, , Other, Argentina",-38.416097,-63.61667199999999
"Famatina Valley, , Other, Argentina",-28.9255089,-67.52026049999999
"Medrano, , Mendoza Province, Argentina",-33.1775166,-68.6113055
"Altos de Mendoza, , Mendoza Province, Argentina",-32.8886466,-68.8334806
", Burgenland, Austria",47.15371649999999,16.2688797
", Leithaberg, Austria",47.516231,14.550072
", Kremstal, Austria",47.9162821,14.1078494
", Weinviertel, Austria",47.516231,14.550072
", Niederösterreich, Austria",48.10807699999999,15.8049558
", Wagram, Austria",48.299052,16.5640125
", Österreichischer Sekt, Austria",48.198982,16.3787715
", Kamptal, Austria",48.51027917616121,15.4535824483288
", Steiermark, Austria",47.3593442,14.4699827
", Südsteiermark, Austria",46.7754628,15.5480547
", Südoststeiermark, Austria",46.8885229,15.8936247
", Wiener Gemischter Satz, Austria",48.2081664,16.3718643
", Wachau, Austria",48.3896089,15.4748897
", Traisental, Austria",48.12709722853729,15.67228694710835
", Thermenregion, Austria",47.516231,14.550072
", Carnuntum, Austria",48.1129002,16.8650784
", Weinland Österreich, Austria",47.516231,14.550072
", Wagram-Donauland, Austria",48.4333333,15.8
", Vienna, Austria",48.2081664,16.3718643
", Neusiedlersee, Austria",47.8650427,16.7775594
", Mittelburgenland, Austria",47.49497,16.50879
", Eisenberg, Austria",47.18035,16.4251
", Austria, Austria",47.516231,14.550072
", Südburgenland, Austria",47.1878672,16.2040344
", Österreichischer Perlwein, Austria",47.516231,14.550072
"McLaren Vale, , South Australia, Australia",-35.2192433,138.5448927
"Padthaway, , South Australia, Australia",-36.5973422,140.4909548
"South Australia, , South Australia, Australia",-30.0002315,136.2091547
"Adelaide Hills, , South Australia, Australia",-34.9062557,138.8397403
"Barossa Valley, , South Australia, Australia",-34.6182425,138.9001364
"Rutherglen, , Victoria, Australia",-36.0554647,146.4626678
"Heathcote, , Victoria, Australia",-36.9147151,144.7006992
"Clare Valley, , South Australia, Australia",-33.8335699,138.61
"Yarra Valley, , Victoria, Australia",-36.9847807,143.3906074
"Great Southern, , Western Australia, Australia",-32.98784,117.2016822
"South Eastern Australia, , Australia Other, Australia",-27.6728168,148.3716902
"Barossa, , South Australia, Australia",-34.603962,139.0009403
"Coonawarra, , South Australia, Australia",-37.2916268,140.8336276
"Goulburn Valley, , Victoria, Australia",-36.3828492,145.398889
"Margaret River, , Western Australia, Australia",-33.9535468,115.0629667
"Frankland River, , Western Australia, Australia",-34.3627308,117.0827827
"Geographe, , Western Australia, Australia",-33.641728,115.3784708
"Western Australia, , Western Australia, Australia",-27.6728168,121.6283098
"Tasmania, , Tasmania, Australia",-42.0409059,146.8087322
"Eden Valley, , South Australia, Australia",-34.64221550000001,139.098057
"Adelaide, , South Australia, Australia",-34.9284989,138.6007456
"Clarendon, , South Australia, Australia",-35.1097184,138.6298831
"Hunter Valley, , New South Wales, Australia",-32.1932173,151.700565
"Victoria, , Victoria, Australia",-36.9847807,143.3906074
"Central Ranges, , Australia Other, Australia",-25.274398,133.775136
"Central Victoria, , Victoria, Australia",-36.9847807,143.3906074
"Southern Flinders Ranges, , South Australia, Australia",-31.5469667,138.3927818
"Langhorne Creek, , South Australia, Australia",-35.2962102,139.0370026
"Limestone Coast, , South Australia, Australia",-36.7235617,140.3481835
"Nagambie Lakes, , Victoria, Australia",-36.7842847,145.1417222
"Wrattonbully, , South Australia, Australia",-37.1686998,140.9444097
"McLaren Vale-Adelaide Hills, , South Australia, Australia",-35.219029,138.5436573
"Australia, , Australia Other, Australia",-25.274398,133.775136
"Lenswood, , South Australia, Australia",-34.9177954,138.8327286
"Pyrenees, , Victoria, Australia",-37.3879637,143.4770359
"Mornington Peninsula, , Victoria, Australia",-38.2854053,145.093449
"Mudgee, , New South Wales, Australia",-32.5992508,149.5871313
"Riverina, , New South Wales, Australia",-35.7385623,146.0544059
"Mount Barker, , Western Australia, Australia",-34.6253079,117.6615969
"Bendigo, , Victoria, Australia",-36.75961960000001,144.2785764
"Grampians, , Victoria, Australia",-37.35355140000001,142.3312968
"Currency Creek, , South Australia, Australia",-35.4530172,138.7621906
"Piccadilly Valley, , South Australia, Australia",-34.9749399,138.72829
"Swan Hill, , Victoria, Australia",-35.3402728,143.5441334
"Orange, , New South Wales, Australia",-33.2815802,149.0862242
"Adelaide Plains, , South Australia, Australia",-34.4471534,138.4387577
"Pemberton, , Western Australia, Australia",-34.4455602,116.0332544
"Western Plains, , New South Wales, Australia",-31.2532183,146.921099
"Kangaroo Island, , South Australia, Australia",-35.7752426,137.2142417
"McLaren Vale-Langhorne Creek, , South Australia, Australia",-35.2962102,139.0370026
"Hilltops, , New South Wales, Australia",-34.3543187,150.494215
"Currency Creek-McLaren Vale, , South Australia, Australia",-35.4530172,138.7621906
"Gippsland, , Victoria, Australia",-37.5831982,147.4627259
"King Valley, , Victoria, Australia",-36.6903925,146.4203527
"Gundagai, , New South Wales, Australia",-35.060838,148.1018203
"McLaren Vale-Padthaway, , South Australia, Australia",-36.5973422,140.4909548
"Southern Fleurieu, , South Australia, Australia",-35.5,138.5
"New South Wales, , New South Wales, Australia",-31.2532183,146.921099
"Henty, , South Australia, Australia",-30.0002315,136.2091547
"Strathbogie Ranges, , Victoria, Australia",-36.9,145.75
"Clare Valley-Eden Valley, , South Australia, Australia",-34.64221550000001,139.098057
"Australia-New Zealand, , Australia Other, Australia",-25.274398,133.775136
"Fleurieu Peninsula, , South Australia, Australia",-35.5,138.5
", South Australia, Australia",-30.0002315,136.2091547
"Langhorne Creek-Limestone Coast, , South Australia, Australia",-36.7235617,140.3481835
", Rheinhessen, Germany",51.165691,10.451526
", Mosel, Germany",49.11696795840684,6.739917320227059
", Rheingau, Germany",50.1402994,8.0695976
", Franken, Germany",50.08972310000001,11.9190005
", Ahr, Germany",50.45972044378019,6.965758824165669
", Pfalz, Germany",49.48221160000001,7.860948100000001
", Württemberg, Germany",48.6616037,9.3501336
", Nahe, Germany",53.7936388,10.1356739
", Baden, Germany",48.6616037,9.3501336
", Mosel-Saar-Ruwer, Germany",49.18803353700606,6.840804238175932
", Germany, Germany",51.165691,10.451526
", Mittelrhein, Germany",51.165691,10.451526
", Landwein Rhein, Germany",49.34644995551169,7.879394966755541
", Marlborough, New Zealand",-41.5916883,173.7624053
", Hawke's Bay, New Zealand",-39.6016597,176.5804473
", Awatere Valley, New Zealand",-42.0850751,173.2612762
", Canterbury, New Zealand",-43.7542275,171.1637245
", Wairau Valley, New Zealand",-41.5653356,173.5285568
", South Island, New Zealand",-45.15267069999999,169.8926333
", Central Otago, New Zealand",-44.9566315,169.3988451
", Martinborough, New Zealand",-41.2185335,175.459548
", Waipara, New Zealand",-43.0551367,172.7590715
", Nelson, New Zealand",-41.2985321,173.2443635
", New Zealand, New Zealand",-40.900557,174.885971
", Kumeu, New Zealand",-36.77668980000001,174.5571044
", Gisborne, New Zealand",-38.6640913,178.0227931
", East Coast, New Zealand",-40.900557,174.885971
", Waiheke Island, New Zealand",-36.8000487,175.1009721
", Wairarapa, New Zealand",-40.4062118,176.0937312
", Waipara Valley, New Zealand",-43.0551367,172.7590715
", Gladstone, New Zealand",-41.0778061,175.6558115
", Stellenbosch, South Africa",-33.9318749,18.8621071
", Simonsberg-Stellenbosch, South Africa",-33.931612,18.870009
", Western Cape, South Africa",-33.2277918,21.8568586
", Coastal Region, South Africa",-30.559482,22.937506
", Darling, South Africa",-33.3761553,18.3810325
", Robertson, South Africa",-33.8146946,19.897881
", Swartland, South Africa",-33.3306832,18.7125791
", Paarl, South Africa",-33.7342304,18.9621091
", Walker Bay, South Africa",-34.49686519999999,19.3336242
", Constantia, South Africa",-34.0257608,18.4230789
", South Africa, South Africa",-30.559482,22.937506
", Simonsberg-Paarl, South Africa",-33.6481555,18.9979385
", Overberg, South Africa",-34.3577144,18.8935831
", Elgin, South Africa",-34.1564767,19.0151567
", Olifants River, South Africa",-24.35589998723363,30.6482544436039
", Groenekloof, South Africa",-25.7740895,28.2204987
", Wellington, South Africa",-33.6458302,18.9871718
", Durbanville, South Africa",-33.8275335,18.6526846
", Breedekloof, South Africa",-30.559482,22.937506
", Franschhoek, South Africa",-33.9142049,19.1226203
", Cederberg, South Africa",-32.5891202,19.0118251
", Philadelphia, South Africa",-33.667788,18.5812421
", Jonkershoek Valley, South Africa",-33.9508333,18.9477778
", Eilandia, South Africa",-33.7756919,19.6755087
", Tulbagh, South Africa",-33.2827827,19.1390309
", Northern Cape, South Africa",-29.0466808,21.8568586
", Breede River Valley, South Africa",-33.7500045,19.5004613
", Hemel en Aarde, South Africa",-34.4116592,19.2065868
", Elim, South Africa",-34.583333,19.75
", Vlootenburg, South Africa",-33.9586148,18.7979659
", Polkadraai Hills, South Africa",-33.9608212,18.7579777
", Bot River, South Africa",-34.2254252,19.1969241
", Paardeberg, South Africa",-33.6011111,18.8125
", Helderberg, South Africa",-34.1298863,18.9064427
", Cape Peninsula, South Africa",-34.2500139,18.4157357
", Malgas, South Africa",-34.3160105,20.5806916
", Devon Valley, South Africa",-33.9232771,18.8188387
", Cape Agulhas, South Africa",-34.8243876,20.01162
", Judean Hills, Israel",31.046051,34.851612
", Galilee, Israel",32.8244321,35.5879975
", Dan, Israel",33.239637,35.653953
", Upper Galilee, Israel",33.1639839,35.6314191
", Ella Valley, Israel",31.6806252,34.9891247
", Shomron, Israel",32.422877,35.3027226
", Negev Hills, Israel",30.7140861,34.8757476
", Samson, Israel",31.046051,34.851612
", Galil, Israel",31.046051,34.851612
", Israel, Israel",31.046051,34.851612
", Haut-Judeé, Israel",31.046051,34.851612
", Golan Heights, Israel",33.01558540000001,35.784354
", Jerusalem Hills, Israel",31.768319,35.21371
", Santorini, Greece",36.3931562,25.4615092
", Crete, Greece",35.240117,24.8092691
", Corinth, Greece",37.9386365,22.9322383
", Halkidiki, Greece",40.3694997,23.287085
", Nemea, Greece",37.82133,22.660998
", Peloponnese, Greece",37.349722,22.352222
", Pangeon, Greece",40.9166667,24.0833333
", Drama, Greece",41.1502273,24.1469489
", Mantinia, Greece",37.616667,22.383333
", Chalkidiki, Greece",40.3694997,23.287085
", Pageon, Greece",39.074208,21.824312
", Naoussa, Greece",37.1235743,25.238722
", Samos, Greece",37.7547857,26.9777701
", Patras, Greece",38.2466395,21.734574
", Korinthia, Greece",37.9386365,22.9322383
", Greece, Greece",39.074208,21.824312
", Mavrodaphne of Patras, Greece",38.2466395,21.734574
", Attica, Greece",38.0457568,23.8584737
", Atalanti Valley, Greece",38.6528663,22.998361
", Thraki, Greece",41.1295126,24.8877191
", Monemvasia, Greece",36.6876016,23.056032
", Sithonia, Greece",40.1497288,23.7897889
", Agioritikos, Greece",39.074208,21.824312
", Beotia, Greece",38.3663664,23.0965064
", Retsina, Greece",39.074208,21.824312
", Amindeo, Greece",40.6905178,21.6797432
", Cephalonia, Greece",38.1753675,20.5692179
", Cyclades, Greece",37.10441295,25.0092574
", Epanomi, Greece",40.4289764,22.9304174
", Florina, Greece",40.78452619999999,21.4131222
", Achaia, Greece",38.1158729,21.9522491
", Amyndeon, Greece",40.6905178,21.6797432
", Central Greece, Greece",38.6043984,22.7152131
", Mavrodaphne de Cephalonie, Greece",38.1753675,20.5692179
", Messinia, Greece",37.1424653,21.9522491
", Lakonia, Greece",37.0299087,22.5245093
", Markopoulo, Greece",37.8833564,23.9333037
", Corinthia, Greece",37.9386365,22.9322383
", Sterea Ellada, Greece",38.6043984,22.7152131
", Muscat of Patras, Greece",38.2466395,21.734574
", Imathia, Greece",40.60600669999999,22.1430215
", Macedonia, Greece",40.8176812,22.8527142
", Muscat of Kefallonian, Greece",38.1753675,20.5692179
", Thessalikos, Greece",39.074208,21.824312
", Limnos, Greece",39.9198413,25.141484
", Ismarikos, Greece",39.074208,21.824312
", Arcadia, Greece",37.5557825,22.3337769
", Letrinon, Greece",37.6720919,21.4378157
", Lesbos, Greece",39.2645095,26.2777073
", Rapsani, Greece",39.9019286,22.5478028
"Niagara-On-The-Lake, , Ontario, Canada",43.2549988,-79.0772616
"Niagara Peninsula, , Ontario, Canada",51.253775,-85.3232139
"Okanagan Valley, , British Columbia, Canada",53.7266683,-127.6476206
"Niagara Escarpment, , Ontario, Canada",51.253775,-85.3232139
"Beamsville Bench, , Ontario, Canada",43.1570948,-79.47601329999999
"Lake Erie North Shore, , Ontario, Canada",46.2137666,-82.538254
"Short Hills Bench, , Ontario, Canada",51.253775,-85.3232139
"Similkameen Valley, , British Columbia, Canada",49.18394516381451,-120.1272107291196
"Canada, , Canada Other, Canada",56.130366,-106.346771
"British Columbia, , British Columbia, Canada",53.7266683,-127.6476206
"St. David's Bench, , Ontario, Canada",43.16032389999999,-79.10404319999999
